1,"31. Pronouns (It's, Its, Who's, Whose)",http://www.ggvinteractive.com/ggv/sample-course/slidestack/758/,5,296,"Pronouns, Homonyms, Spelling",Standard Mechanics,,
2,4. Sentences - Complete (Part 2 and 3),http://www.ggvinteractive.com/ggv/sample-course/slidestack/668/,2,292,Sentences,Sentence Syntax,,
3,9. Sentences - Fragments,http://www.ggvinteractive.com/ggv/sample-course/slidestack/670/,2,292,Sentences,Sentence Syntax,,
4,4. Sentences - Complete (Part 2 and 3),http://www.ggvinteractive.com/ggv/sample-course/slidestack/668/,2,292,Sentences,Sentence Syntax,,
5,"29. Pronouns (They're, Their, There, You're, Your)",http://www.ggvinteractive.com/ggv/sample-course/slidestack/758/,5,296,"Pronouns, Homonyms, Spelling",Standard Mechanics,,
6,4. Sentences - Complete (Part 2 and 3),http://www.ggvinteractive.com/ggv/sample-course/slidestack/668/,2,292,Sentences,Sentence Syntax,,
7,113. Language Arts Practice - La Llorona,http://www.ggvinteractive.com/ggv/sample-course/worksheet/162/1/,15,19,"Vocabulary, Comprehension, Post Tests",Vocabulary and Comprehension,,
8,114. Language Arts Practice - Level 1,GEDTS Language Arts Post Test,15,19,"Vocabulary, Comprehension, Post Tests",Vocabulary and Comprehension,,
9,115. Language Arts Practice - Level 2,Contemporary Final RLA Quiz,15,19,"Vocabulary, Comprehension, Post Tests",Vocabulary and Comprehension,,
10,35. Spelling,http://www.ggvinteractive.com/ggv/sample-course/slidestack/761/,5,296,Spelling,Standard Mechanics,,
11,116. Language Arts Test - Level 3,https://www.4tests.com/exam/ged-practice-test/0/33756093,15,19,"Vocabulary, Comprehension, Post Tests",Vocabulary and Comprehension,,
12,2. Sentences - Complete (Part 1),http://www.ggvinteractive.com/ggv/sample-course/slidestack/667/,2,292,Sentences,Sentence Syntax,,
13,68. Verb - Tense (Chart),http://www.ggvinteractive.com/ggv/sample-course/slidestack/775/,7,298,Participle and Tense,Standard Mechanics,,
14,69. Verb - Tense (Usage),http://www.ggvinteractive.com/ggv/sample-course/slidestack/776/,7,298,Participle and Tense,Standard Mechanics,,
15,117. Language Arts Practice - Level 4,https://mycareertools.com/ged-rla-practice-test/,15,19,"Vocabulary, Comprehension, Post Tests",Vocabulary and Comprehension,,
16,118. Language Arts Practice - Level 5,http://www.gedpracticequestions.com/,15,19,"Vocabulary, Comprehension, Post Tests",Vocabulary and Comprehension,,
17,4. Sentences - Complete (Part 2 and 3),http://www.ggvinteractive.com/ggv/sample-course/slidestack/668/,2,292,Sentences,Sentence Syntax,,
18,119. Language Arts Practice - Level 6,http://www.bwseducationconsulting.com/docs/ACT_English_Practice_Test.pdf,15,19,"Vocabulary, Comprehension, Post Tests",Vocabulary and Comprehension,,
19,98. Capitalization,http://www.ggvinteractive.com/ggv/sample-course/slidestack/787/,13,304,capitalization,Standard Mechanics,,
20,120. Language Arts Practice - Level 7,http://www.ets-cls.org/hiset/practice/hiset.htm,15,19,"Vocabulary, Comprehension, Post Tests",Vocabulary and Comprehension,,
21,"31. Pronouns (It's, Its, Who's, Whose)",http://www.ggvinteractive.com/ggv/sample-course/slidestack/758/,5,296,"Pronouns, Homonyms, Spelling",Standard Mechanics,,
22,121. Language Arts Practice - Level 8,https://www.testprepreview.com/ged/ged-language-arts-practice-test.htm,15,19,"Vocabulary, Comprehension, Post Tests",Vocabulary and Comprehension,,
23,122. Language Arts Practice - Level 9,http://www.testpreptoolkit.com/ged-reasoning-language-arts-practice-test/,15,19,"Vocabulary, Comprehension, Post Tests",Vocabulary and Comprehension,,
24,82. Comma Rule 2 - Connecting Words,http://www.ggvinteractive.com/ggv/sample-course/slidestack/781/,10,301,Commas,Standard Mechanics,,
25,100. Extended Response - A Woman's Right to Choose,http://www.ggvinteractive.com/ggv/sample-course/slidestack/788/,14,305,Extended Response,Organization,,