1,9. Water Cycle,http://www.ggvinteractive.com/ggv/sample-course/slidestack/657/,4,135,Water Cycle,EARTH & SPACE SCIENCE,,
2,32. Section 5: Science Questions,http://www.ggvinteractive.com/ggv/sample-course/worksheet/507/1/,13,144,"Sections 1-19: Life, Physical, Earth, and Space Science",EARTH & SPACE SCIENCE,,
3,"6. Scientific Method, Fact, Hypothesis, Opinion",http://www.ggvinteractive.com/ggv/sample-course/slidestack/656/,3,134,Scientific Method,LIFE SCIENCE,,
4,42. Section 15: Science Questions,http://www.ggvinteractive.com/ggv/sample-course/worksheet/517/1/,13,144,"Sections 1-19: Life, Physical, Earth, and Space Science",LIFE SCIENCE,,
5,"6. Scientific Method, Fact, Hypothesis, Opinion",http://www.ggvinteractive.com/ggv/sample-course/slidestack/656/,3,134,Scientific Method,PHYSICAL SCIENCE,,
6,30. Section 3: Science Questions,http://www.ggvinteractive.com/ggv/sample-course/worksheet/506/1/,13,144,"Sections 1-19: Life, Physical, Earth, and Space Science",EARTH & SPACE SCIENCE,,
7,43. Section 16: Science Questions,http://www.ggvinteractive.com/ggv/sample-course/worksheet/518/1/,13,144,"Sections 1-19: Life, Physical, Earth, and Space Science",EARTH & SPACE SCIENCE,,
8,38. Section 11: Science Questions,http://www.ggvinteractive.com/ggv/sample-course/worksheet/494/1/,13,144,"Sections 1-19: Life, Physical, Earth, and Space Science",EARTH & SPACE SCIENCE,,
9,34. Section 7: Science Questions,http://www.ggvinteractive.com/ggv/sample-course/worksheet/509/1/,13,144,"Sections 1-19: Life, Physical, Earth, and Space Science",PHYSICAL SCIENCE,,
10,2. Human Body,http://www.ggvinteractive.com/ggv/sample-course/slidestack/655/,2,133,Human Body,LIFE SCIENCE,,
11,28. Section 1: Science Questions,http://www.ggvinteractive.com/ggv/sample-course/worksheet/504/1/,13,144,"Sections 1-19: Life, Physical, Earth, and Space Science",LIFE SCIENCE,,
12,44. Section 17: Science Questions,http://www.ggvinteractive.com/ggv/sample-course/worksheet/519/1/,13,144,"Sections 1-19: Life, Physical, Earth, and Space Science",PHYSICAL SCIENCE,,
13,44. Section 17: Science Questions,http://www.ggvinteractive.com/ggv/sample-course/worksheet/519/1/,13,144,"Sections 1-19: Life, Physical, Earth, and Space Science",PHYSICAL SCIENCE,,
14,38. Section 11: Science Questions,http://www.ggvinteractive.com/ggv/sample-course/worksheet/513/1/,13,144,"Sections 1-19: Life, Physical, Earth, and Space Science",PHYSICAL SCIENCE,,
15,36. Section 9: Science Questions,http://www.ggvinteractive.com/ggv/sample-course/worksheet/511/1/,13,144,"Sections 1-19: Life, Physical, Earth, and Space Science",PHYSICAL SCIENCE,,
16,38. Section 11: Science Questions,http://www.ggvinteractive.com/ggv/sample-course/worksheet/513/1/,13,144,"Sections 1-19: Life, Physical, Earth, and Space Science",PHYSICAL SCIENCE,,
17,15. Germs,http://www.ggvinteractive.com/ggv/sample-course/slidestack/660/,6,137,Germs,LIFE SCIENCE,,
18,11. Photosynthesis,http://www.ggvinteractive.com/ggv/sample-course/slidestack/658/,5,136,Photosynthesis,LIFE SCIENCE,,
19,17. Classification,http://www.ggvinteractive.com/ggv/sample-course/slidestack/661/,7,138,Classification,LIFE SCIENCE,,
20,33. Section 6: Science Questions,http://www.ggvinteractive.com/ggv/sample-course/worksheet/508/1/,13,144,"Sections 1-19: Life, Physical, Earth, and Space Science",LIFE SCIENCE,,
21,39. Section 12: Science Questions,http://www.ggvinteractive.com/ggv/sample-course/worksheet/514/1/,13,144,"Sections 1-19: Life, Physical, Earth, and Space Science",PHYSICAL SCIENCE,,
22,19. Reproduction in Flowers,http://www.ggvinteractive.com/ggv/sample-course/slidestack/662/,8,139,Reproduction,LIFE SCIENCE,,
23,36. Section 9: Science Questions,http://www.ggvinteractive.com/ggv/sample-course/worksheet/511/1/,13,144,"Sections 1-19: Life, Physical, Earth, and Space Science",PHYSICAL SCIENCE,,
24,32. Section 5: Science Questions,http://www.ggvinteractive.com/ggv/sample-course/worksheet/507/1/,13,144,"Sections 1-19: Life, Physical, Earth, and Space Science",LIFE SCIENCE,,
25,47. Short Answer Item,http://www.ggvinteractive.com/ggv/sample-course/slidestack/31/,14,11,Short Answer Item,EARTH & SPACE SCIENCE,,