1,9. El Ciclo de Agua,http://www.ggvinteractive.com/ggv/sample-course/slidestack/838/,4,219,Ciclo de Agua,EARTH & SPACE SCIENCE,,,,
2,32. Sección 5: Ciencia,http://www.ggvinteractive.com/ggv/sample-course/worksheet/725/1/,13,228,"Secciones 1-19: ciencias de la vida, físicas, terrestres y espaciales",EARTH & SPACE SCIENCE,,,,
3,"6. Scientific Method, Fact, Hypothesis, Opinion",http://www.ggvinteractive.com/ggv/sample-course/slidestack/837/,3,218,Método Científico,LIFE SCIENCE,,,,
4,42. Sección 15: Ciencia,http://www.ggvinteractive.com/ggv/sample-course/worksheet/735/1/,13,228,"Secciones 1-19: ciencias de la vida, físicas, terrestres y espaciales",LIFE SCIENCE,,,,
5,"6. Scientific Method, Fact, Hypothesis, Opinion",http://www.ggvinteractive.com/ggv/sample-course/slidestack/837/,3,218,Método Científico,PHYSICAL SCIENCE,,,,
6,30. Sección 3: Ciencia,http://www.ggvinteractive.com/ggv/sample-course/worksheet/722/1/,13,228,"Secciones 1-19: ciencias de la vida, físicas, terrestres y espaciales",EARTH & SPACE SCIENCE,,,,
7,43. Sección 16: Ciencia,http://www.ggvinteractive.com/ggv/sample-course/worksheet/736/1/,13,228,"Secciones 1-19: ciencias de la vida, físicas, terrestres y espaciales",EARTH & SPACE SCIENCE,,,,
8,38. Sección 11: Ciencia,http://www.ggvinteractive.com/ggv/sample-course/worksheet/731/1/,13,228,"Secciones 1-19: ciencias de la vida, físicas, terrestres y espaciales",EARTH & SPACE SCIENCE,,,,
9,34. Sección 7: Ciencia,http://www.ggvinteractive.com/ggv/sample-course/worksheet/727/1/,13,228,"Secciones 1-19: ciencias de la vida, físicas, terrestres y espaciales",PHYSICAL SCIENCE,,,,
10,2. El Cuerpo Humano,http://www.ggvinteractive.com/ggv/sample-course/slidestack/836/,2,217,El Cuerpo Humano,LIFE SCIENCE,,,,
11,28. Sección 1: Ciencia,http://www.ggvinteractive.com/ggv/sample-course/worksheet/719/1/,13,228,"Secciones 1-19: ciencias de la vida, físicas, terrestres y espaciales",LIFE SCIENCE,,,,
12,44. Sección 17: Ciencia,http://www.ggvinteractive.com/ggv/sample-course/worksheet/737/1/,13,228,"Secciones 1-19: ciencias de la vida, físicas, terrestres y espaciales",PHYSICAL SCIENCE,,,,
13,44. Sección 17: Ciencia,http://www.ggvinteractive.com/ggv/sample-course/worksheet/737/1/,13,228,"Secciones 1-19: ciencias de la vida, físicas, terrestres y espaciales",PHYSICAL SCIENCE,,,,
14,38. Sección 11: Ciencia,http://www.ggvinteractive.com/ggv/sample-course/worksheet/731/1/,13,228,"Secciones 1-19: ciencias de la vida, físicas, terrestres y espaciales",PHYSICAL SCIENCE,,,,
15,36. Sección 9: Ciencia,http://www.ggvinteractive.com/ggv/sample-course/worksheet/729/1/,13,228,"Seccioness 1-19: ciencias de la vida, físicas, terrestres y espaciales",PHYSICAL SCIENCE,,,,
16,38. Sección 11: Ciencia,http://www.ggvinteractive.com/ggv/sample-course/worksheet/731/1/,13,228,"Secciones 1-19: ciencias de la vida, físicas, terrestres y espaciales",PHYSICAL SCIENCE,,,,
17,15. Germenes,http://www.ggvinteractive.com/ggv/sample-course/slidestack/841/,6,221,Germenes,LIFE SCIENCE,,,,
18,11. Fotosíntesis,http://www.ggvinteractive.com/ggv/sample-course/slidestack/839/,5,220,Fotosíntesis,LIFE SCIENCE,,,,
19,17. Classificación,http://www.ggvinteractive.com/ggv/sample-course/slidestack/842/,7,222,Classificación,LIFE SCIENCE,,,,
20,33. Sección 6: Ciencia,http://www.ggvinteractive.com/ggv/sample-course/worksheet/726/1/,13,228,"Secciones 1-19: ciencias de la vida, físicas, terrestres y espaciales",LIFE SCIENCE,,,,
21,39. Sección 12: Ciencia,http://www.ggvinteractive.com/ggv/sample-course/worksheet/732/1/,13,228,"Seccioness 1-19: ciencias de la vida, físicas, terrestres y espaciales",PHYSICAL SCIENCE,,,,
22,19. Reproducción en Flores,,8,223,Reproducción,LIFE SCIENCE,,,,
23,36. Sección 9: Ciencia,http://www.ggvinteractive.com/ggv/sample-course/worksheet/729/1/,13,228,"Seccioness 1-19: ciencias de la vida, físicas, terrestres y espaciales",PHYSICAL SCIENCE,,,,
24,32. Sección 5: Ciencia,http://www.ggvinteractive.com/ggv/sample-course/worksheet/725/1/,13,228,"Secciones 1-19: ciencias de la vida, físicas, terrestres y espaciales",LIFE SCIENCE,,,,
25,47. Respuestas Cortas,http://www.ggvinteractive.com/ggv/sample-course/slidestack/28/,14,12,Respuestas Cortas,EARTH & SPACE SCIENCE,,,,